PRAGMA foreign_keys=OFF;
BEGIN TRANSACTION;
CREATE TABLE Theaters ( 
id INTEGER PRIMARY KEY, 
name TEXT NOT NULL, 
city TEXT NOT NULL,
state TEXT NOT NULL 
);
INSERT INTO Theaters VALUES(1,'AMC','Los Angeles','California');
INSERT INTO Theaters VALUES(2,'Regal','Las Vegas','Nevada');
INSERT INTO Theaters VALUES(3,'Cinemark','New York City','New York');
CREATE TABLE Movies ( 
id INTEGER PRIMARY KEY, 
name TEXT NOT NULL, 
year INTEGER
);
INSERT INTO Movies VALUES(1,'Fargo',1996);
INSERT INTO Movies VALUES(2,'Lost in Translation',2003);
INSERT INTO Movies VALUES(3,'Whiplash',2014);
INSERT INTO Movies VALUES(4,'Hell or High Water',2016);
CREATE TABLE Sales (
	theater_id INTEGER,
	movie_id INTEGER,
date TEXT NOT NULL,
sales REAL,
PRIMARY KEY (theater_id, movie_id, date),
FOREIGN KEY (theater_id) REFERENCES Theaters(id), 
FOREIGN KEY (movie_id) REFERENCES Movies(id)
);
INSERT INTO Sales VALUES(1,1,'05/27/2024',9500.0);
INSERT INTO Sales VALUES(1,2,'05/27/2024',9500.01000000000021);
INSERT INTO Sales VALUES(1,3,'05/27/2024',9499.98999999999978);
INSERT INTO Sales VALUES(1,4,'05/27/2024',9500.0);
INSERT INTO Sales VALUES(2,1,'05/27/2024',9500.0);
INSERT INTO Sales VALUES(2,2,'05/27/2024',9500.01000000000021);
INSERT INTO Sales VALUES(2,3,'05/27/2024',9499.98999999999978);
INSERT INTO Sales VALUES(2,4,'05/27/2024',9500.0);
INSERT INTO Sales VALUES(3,1,'05/27/2024',9500.0);
INSERT INTO Sales VALUES(3,2,'05/27/2024',9500.01000000000021);
INSERT INTO Sales VALUES(3,3,'05/27/2024',9499.98999999999978);
INSERT INTO Sales VALUES(3,4,'05/27/2024',9500.0);
INSERT INTO Sales VALUES(1,1,'11/13/2024',10000.0);
INSERT INTO Sales VALUES(1,2,'11/13/2024',10000.0);
INSERT INTO Sales VALUES(1,3,'11/13/2024',10000.0);
INSERT INTO Sales VALUES(1,4,'11/13/2024',10000.0);
INSERT INTO Sales VALUES(2,1,'11/13/2024',0.0);
INSERT INTO Sales VALUES(2,2,'11/13/2024',0.0);
INSERT INTO Sales VALUES(2,3,'11/13/2024',0.0);
INSERT INTO Sales VALUES(2,4,'11/13/2024',0.0);
INSERT INTO Sales VALUES(3,1,'11/13/2024',10000.0);
INSERT INTO Sales VALUES(3,2,'11/13/2024',10000.0);
INSERT INTO Sales VALUES(3,3,'11/13/2024',10000.0);
INSERT INTO Sales VALUES(3,4,'11/13/2024',10000.0);
INSERT INTO Sales VALUES(1,1,'12/26/2024',0.0);
INSERT INTO Sales VALUES(1,2,'12/26/2024',0.0);
INSERT INTO Sales VALUES(1,3,'12/26/2024',0.0);
INSERT INTO Sales VALUES(1,4,'12/26/2024',0.0);
INSERT INTO Sales VALUES(2,1,'12/26/2024',0.0);
INSERT INTO Sales VALUES(2,2,'12/26/2024',0.0);
INSERT INTO Sales VALUES(2,3,'12/26/2024',9800.0);
INSERT INTO Sales VALUES(2,4,'12/26/2024',0.0);
INSERT INTO Sales VALUES(3,1,'12/26/2024',0.0);
INSERT INTO Sales VALUES(3,2,'12/26/2024',0.0);
INSERT INTO Sales VALUES(3,3,'12/26/2024',0.0);
INSERT INTO Sales VALUES(3,4,'12/26/2024',0.0);
COMMIT;
